{
	"pattrstorage" : 	{
		"name" : "0_cc_comp",
		"slots" : 		{
			"1" : 			{
				"id" : 1,
				"data" : 				{
					"avgluma[B]" : [ 0.620000004768372 ],
					"avgluma[G]" : [ 0.620000004768372 ],
					"avgluma[R]" : [ 0.620000004768372 ],
					"b&w" : [ 0.0 ],
					"bias[B]" : [ 0.0 ],
					"bias[G]" : [ 0.0 ],
					"bias[R]" : [ 0.0 ],
					"brightness" : [ 1.13 ],
					"charmap[all]" : [ 255.0, 0.0, 255.0, 0.0, 0.0, 0, 0.0, 130.878254195074845, 123.23332133128288, 0, 0.5, 255.0, 255.0, 0, -0.25, "curve" ],
					"colormap" : [ 0.215023001244194 ],
					"contrast" : [ 1.0 ],
					"dry/wet" : [ 1.0 ],
					"enable" : [ 0 ],
					"map[A]" : [ 0, 1, 2, 3, 4, 5, 6, 7, 8, 9, 10, 11, 12, 13, 14, 15, 16, 17, 18, 19, 20, 21, 22, 23, 24, 25, 26, 27, 28, 29, 30, 31, 32, 32, 34, 35, 36, 36, 38, 39, 40, 40, 42, 43, 44, 44, 46, 47, 48, 48, 50, 51, 52, 52, 54, 55, 56, 56, 58, 59, 60, 60, 62, 63, 64, 65, 65, 67, 68, 69, 70, 71, 72, 73, 73, 75, 76, 77, 78, 79, 80, 81, 81, 83, 84, 85, 86, 87, 88, 89, 89, 91, 92, 93, 94, 95, 96, 97, 97, 99, 100, 101, 102, 103, 104, 105, 105, 107, 108, 109, 110, 111, 112, 113, 113, 115, 116, 117, 118, 119, 120, 121, 121, 123, 124, 125, 126, 127, 128, 129, 130, 131, 131, 133, 134, 135, 136, 137, 138, 139, 140, 141, 142, 143, 144, 145, 146, 147, 147, 149, 150, 151, 152, 153, 154, 155, 156, 157, 158, 159, 160, 161, 162, 163, 163, 165, 166, 167, 168, 169, 170, 171, 172, 173, 174, 175, 176, 177, 178, 179, 179, 181, 182, 183, 184, 185, 186, 187, 188, 189, 190, 191, 192, 193, 194, 195, 195, 197, 198, 199, 200, 201, 202, 203, 204, 205, 206, 207, 208, 209, 210, 211, 211, 213, 214, 215, 216, 217, 218, 219, 220, 221, 222, 223, 224, 225, 226, 227, 227, 229, 230, 231, 232, 233, 234, 235, 236, 237, 238, 239, 240, 241, 242, 243, 243, 245, 246, 247, 248, 249, 250, 251, 252, 253, 254, 255 ],
					"map[B]" : [ 0, 1, 2, 3, 4, 5, 6, 7, 8, 9, 10, 11, 12, 13, 14, 15, 16, 17, 18, 19, 20, 21, 22, 23, 24, 25, 26, 27, 28, 29, 30, 31, 32, 32, 34, 35, 36, 36, 38, 39, 40, 40, 42, 43, 44, 44, 46, 47, 48, 48, 50, 51, 52, 52, 54, 55, 56, 56, 58, 59, 60, 60, 62, 63, 64, 65, 65, 67, 68, 69, 70, 71, 72, 73, 73, 75, 76, 77, 78, 79, 80, 81, 81, 83, 84, 85, 86, 87, 88, 89, 89, 91, 92, 93, 94, 95, 96, 97, 97, 99, 100, 101, 102, 103, 104, 105, 105, 107, 108, 109, 110, 111, 112, 113, 113, 115, 116, 117, 118, 119, 120, 121, 121, 123, 124, 125, 126, 127, 128, 129, 130, 131, 131, 133, 134, 135, 136, 137, 138, 139, 140, 141, 142, 143, 144, 145, 146, 147, 147, 149, 150, 151, 152, 153, 154, 155, 156, 157, 158, 159, 160, 161, 162, 163, 163, 165, 166, 167, 168, 169, 170, 171, 172, 173, 174, 175, 176, 177, 178, 179, 179, 181, 182, 183, 184, 185, 186, 187, 188, 189, 190, 191, 192, 193, 194, 195, 195, 197, 198, 199, 200, 201, 202, 203, 204, 205, 206, 207, 208, 209, 210, 211, 211, 213, 214, 215, 216, 217, 218, 219, 220, 221, 222, 223, 224, 225, 226, 227, 227, 229, 230, 231, 232, 233, 234, 235, 236, 237, 238, 239, 240, 241, 242, 243, 243, 245, 246, 247, 248, 249, 250, 251, 252, 253, 254, 255 ],
					"map[G]" : [ 0, 1, 2, 3, 4, 5, 6, 7, 8, 9, 10, 11, 12, 13, 14, 15, 16, 17, 18, 19, 20, 21, 22, 23, 24, 25, 26, 27, 28, 29, 30, 31, 32, 32, 34, 35, 36, 36, 38, 39, 40, 40, 42, 43, 44, 44, 46, 47, 48, 48, 50, 51, 52, 52, 54, 55, 56, 56, 58, 59, 60, 60, 62, 63, 64, 65, 65, 67, 68, 69, 70, 71, 72, 73, 73, 75, 76, 77, 78, 79, 80, 81, 81, 83, 84, 85, 86, 87, 88, 89, 89, 91, 92, 93, 94, 95, 96, 97, 97, 99, 100, 101, 102, 103, 104, 105, 105, 107, 108, 109, 110, 111, 112, 113, 113, 115, 116, 117, 118, 119, 120, 121, 121, 123, 124, 125, 126, 127, 128, 129, 130, 131, 131, 133, 134, 135, 136, 137, 138, 139, 140, 141, 142, 143, 144, 145, 146, 147, 147, 149, 150, 151, 152, 153, 154, 155, 156, 157, 158, 159, 160, 161, 162, 163, 163, 165, 166, 167, 168, 169, 170, 171, 172, 173, 174, 175, 176, 177, 178, 179, 179, 181, 182, 183, 184, 185, 186, 187, 188, 189, 190, 191, 192, 193, 194, 195, 195, 197, 198, 199, 200, 201, 202, 203, 204, 205, 206, 207, 208, 209, 210, 211, 211, 213, 214, 215, 216, 217, 218, 219, 220, 221, 222, 223, 224, 225, 226, 227, 227, 229, 230, 231, 232, 233, 234, 235, 236, 237, 238, 239, 240, 241, 242, 243, 243, 245, 246, 247, 248, 249, 250, 251, 252, 253, 254, 255 ],
					"map[R]" : [ 0, 1, 2, 3, 4, 5, 6, 7, 8, 9, 10, 11, 12, 13, 14, 15, 16, 17, 18, 19, 20, 21, 22, 23, 24, 25, 26, 27, 28, 29, 30, 31, 32, 32, 34, 35, 36, 36, 38, 39, 40, 40, 42, 43, 44, 44, 46, 47, 48, 48, 50, 51, 52, 52, 54, 55, 56, 56, 58, 59, 60, 60, 62, 63, 64, 65, 65, 67, 68, 69, 70, 71, 72, 73, 73, 75, 76, 77, 78, 79, 80, 81, 81, 83, 84, 85, 86, 87, 88, 89, 89, 91, 92, 93, 94, 95, 96, 97, 97, 99, 100, 101, 102, 103, 104, 105, 105, 107, 108, 109, 110, 111, 112, 113, 113, 115, 116, 117, 118, 119, 120, 121, 121, 123, 124, 125, 126, 127, 128, 129, 130, 131, 131, 133, 134, 135, 136, 137, 138, 139, 140, 141, 142, 143, 144, 145, 146, 147, 147, 149, 150, 151, 152, 153, 154, 155, 156, 157, 158, 159, 160, 161, 162, 163, 163, 165, 166, 167, 168, 169, 170, 171, 172, 173, 174, 175, 176, 177, 178, 179, 179, 181, 182, 183, 184, 185, 186, 187, 188, 189, 190, 191, 192, 193, 194, 195, 195, 197, 198, 199, 200, 201, 202, 203, 204, 205, 206, 207, 208, 209, 210, 211, 211, 213, 214, 215, 216, 217, 218, 219, 220, 221, 222, 223, 224, 225, 226, 227, 227, 229, 230, 231, 232, 233, 234, 235, 236, 237, 238, 239, 240, 241, 242, 243, 243, 245, 246, 247, 248, 249, 250, 251, 252, 253, 254, 255 ],
					"saturation" : [ 1.0 ],
					"scale[A]" : [ 1.0 ],
					"scale[B]" : [ 1.0 ],
					"scale[G]" : [ 1.0 ],
					"scale[R]" : [ 1.0 ],
					"table/function" : [ 1 ],
					"preset" : [ 17 ],
					"cm_red" : [ 255.0, 0.0, 255.0, 0.0, 0.0, 0, 0.0, 130.878254195074845, 123.23332133128288, 0, 0.5, 255.0, 255.0, 0, -0.25, "curve" ],
					"cm_green" : [ 255.0, 0.0, 255.0, 0.0, 0.0, 0, 0.0, 130.878254195074845, 123.23332133128288, 0, 0.5, 255.0, 255.0, 0, -0.25, "curve" ],
					"cm_green[1]" : [ 255.0, 0.0, 255.0, 0.0, 0.0, 0, 0.0, 130.878254195074845, 123.23332133128288, 0, 0.5, 255.0, 255.0, 0, -0.25, "curve" ]
				}

			}

		}

	}

}
