{
	"pattrstorage" : 	{
		"name" : "mcsmatrixtest",
		"slots" : 		{
			"1" : 			{
				"id" : 1,
				"data" : 				{
					"the.mcs.matrixctrl~::mappings" : [ 						{
							"inputs" : 							{
								"2" : 								{
									"enabled" : 1,
									"maps" : [ 0.163090229034424, 0.456773996353149 ],
									"gain" : 1
								}
,
								"0" : 								{
									"maps" : [ 0.362886786460876, 0.452814221382141 ],
									"enabled" : 1,
									"gain" : 1
								}
,
								"1" : 								{
									"maps" : [ 0.061634838581085, 0.025247156620026 ],
									"enabled" : 1,
									"gain" : 1
								}
,
								"3" : 								{
									"enabled" : 1,
									"maps" : [ 0.196884572505951, 0.169680774211884 ],
									"gain" : 1
								}
,
								"4" : 								{
									"enabled" : 1,
									"maps" : [ 0.226451516151428, 0.324096083641052 ],
									"gain" : 1
								}
,
								"5" : 								{
									"enabled" : 1,
									"maps" : [ 0.143323004245758, 0.46702367067337 ],
									"gain" : 1
								}
,
								"6" : 								{
									"enabled" : 1,
									"maps" : [ 0.157043218612671, 0.008828639984131 ],
									"gain" : 1
								}
,
								"7" : 								{
									"enabled" : 1,
									"maps" : [ 0.296862304210663, 0.425370633602142 ],
									"gain" : 1
								}
,
								"8" : 								{
									"enabled" : 1,
									"maps" : [ 0.160317301750183, 0.487297654151917 ],
									"gain" : 1
								}
,
								"9" : 								{
									"enabled" : 1,
									"maps" : [ 0.090096771717072, 0.061178267002106 ],
									"gain" : 1
								}

							}
,
							"outputs" : 							{
								"2" : 								{
									"enabled" : 1,
									"maps" : [ 0, 0, 1 ],
									"gain" : 1
								}
,
								"3" : 								{
									"enabled" : 1,
									"maps" : [ "<undefined>", "<undefined>", "<undefined>" ],
									"gain" : 1
								}
,
								"0" : 								{
									"enabled" : 1,
									"maps" : [ 1, 0, 0 ],
									"gain" : 1
								}
,
								"1" : 								{
									"enabled" : 1,
									"maps" : [ 0, 1, 0 ],
									"gain" : 1
								}
,
								"4" : 								{
									"enabled" : 1,
									"maps" : [ 0, 0, 0, 0 ],
									"gain" : 1
								}

							}
,
							"num_ins" : 10,
							"num_outs" : 2,
							"mix" : 0
						}
 ]
				}

			}
,
			"2" : 			{
				"id" : 2,
				"data" : 				{
					"the.mcs.matrixctrl~::mappings" : [ 						{
							"inputs" : 							{
								"2" : 								{
									"enabled" : 1,
									"maps" : [ 0.166143298149109, 0.128243207931519 ],
									"gain" : 1
								}
,
								"0" : 								{
									"maps" : [ 0.488606214523315, 0.21043074131012 ],
									"enabled" : 1,
									"gain" : 1
								}
,
								"1" : 								{
									"maps" : [ 0.192630469799042, 0.163080275058746 ],
									"enabled" : 1,
									"gain" : 1
								}
,
								"3" : 								{
									"enabled" : 1,
									"maps" : [ 0.106752693653107, 0.459083259105682 ],
									"gain" : 1
								}
,
								"4" : 								{
									"enabled" : 1,
									"maps" : [ 0.460803985595703, 0.495263934135437 ],
									"gain" : 1
								}
,
								"5" : 								{
									"enabled" : 1,
									"maps" : [ 0.187524735927582, 0.133367836475372 ],
									"gain" : 1
								}
,
								"6" : 								{
									"enabled" : 1,
									"maps" : [ 0.044470906257629, 0.031410217285156 ],
									"gain" : 1
								}
,
								"7" : 								{
									"enabled" : 1,
									"maps" : [ 0.368639528751373, 0.025327622890472 ],
									"gain" : 1
								}
,
								"8" : 								{
									"enabled" : 1,
									"maps" : [ 0.144995927810669, 0.394892811775208 ],
									"gain" : 1
								}
,
								"9" : 								{
									"enabled" : 1,
									"maps" : [ 0.280140101909637, 0.390921175479889 ],
									"gain" : 1
								}

							}
,
							"outputs" : 							{
								"2" : 								{
									"enabled" : 1,
									"maps" : [ 0, 0, 1 ],
									"gain" : 1
								}
,
								"3" : 								{
									"enabled" : 1,
									"maps" : [ "<undefined>", "<undefined>", "<undefined>" ],
									"gain" : 1
								}
,
								"0" : 								{
									"enabled" : 1,
									"maps" : [ 1, 0, 0 ],
									"gain" : 1
								}
,
								"1" : 								{
									"enabled" : 1,
									"maps" : [ 0, 1, 0 ],
									"gain" : 1
								}
,
								"4" : 								{
									"enabled" : 1,
									"maps" : [ 0, 0, 0, 0 ],
									"gain" : 1
								}

							}
,
							"num_ins" : 10,
							"num_outs" : 2,
							"mix" : 0
						}
 ]
				}

			}
,
			"3" : 			{
				"id" : 3,
				"data" : 				{
					"the.mcs.matrixctrl~::mappings" : [ 						{
							"inputs" : 							{
								"2" : 								{
									"enabled" : 1,
									"maps" : [ 0, 0 ],
									"gain" : 1
								}
,
								"0" : 								{
									"maps" : [ 1, 0 ],
									"enabled" : 1,
									"gain" : 1
								}
,
								"1" : 								{
									"maps" : [ 0, 1 ],
									"enabled" : 1,
									"gain" : 1
								}
,
								"3" : 								{
									"enabled" : 1,
									"maps" : [ 0, 0 ],
									"gain" : 1
								}
,
								"4" : 								{
									"enabled" : 1,
									"maps" : [ 0, 0.28735632183908 ],
									"gain" : 1
								}
,
								"5" : 								{
									"enabled" : 1,
									"maps" : [ 0, 0 ],
									"gain" : 1
								}
,
								"6" : 								{
									"enabled" : 1,
									"maps" : [ 0, 0.540229885057471 ],
									"gain" : 1
								}
,
								"7" : 								{
									"enabled" : 1,
									"maps" : [ 0, 0 ],
									"gain" : 1
								}
,
								"8" : 								{
									"enabled" : 1,
									"maps" : [ 0, 0 ],
									"gain" : 1
								}
,
								"9" : 								{
									"enabled" : 1,
									"maps" : [ 0.372093023255814, 0 ],
									"gain" : 1
								}

							}
,
							"outputs" : 							{
								"2" : 								{
									"enabled" : 1,
									"maps" : [ 0, 0, 1 ],
									"gain" : 1
								}
,
								"3" : 								{
									"enabled" : 1,
									"maps" : [ "<undefined>", "<undefined>", "<undefined>" ],
									"gain" : 1
								}
,
								"0" : 								{
									"enabled" : 1,
									"maps" : [ 1, 0, 0 ],
									"gain" : 1
								}
,
								"1" : 								{
									"enabled" : 1,
									"maps" : [ 0, 1, 0 ],
									"gain" : 1
								}
,
								"4" : 								{
									"enabled" : 1,
									"maps" : [ 0, 0, 0, 0 ],
									"gain" : 1
								}

							}
,
							"num_ins" : 10,
							"num_outs" : 2,
							"mix" : 0
						}
 ]
				}

			}
,
			"4" : 			{
				"id" : 4,
				"data" : 				{
					"the.mcs.matrixctrl~::mappings" : [ 						{
							"inputs" : 							{
								"2" : 								{
									"enabled" : 1,
									"maps" : [ 0, 0 ],
									"gain" : 1
								}
,
								"0" : 								{
									"maps" : [ 1, 1 ],
									"enabled" : 1,
									"gain" : 0.738955823293173
								}
,
								"1" : 								{
									"maps" : [ 0, 1 ],
									"enabled" : 1,
									"gain" : 1
								}
,
								"3" : 								{
									"enabled" : 1,
									"maps" : [ 0, 0 ],
									"gain" : 1
								}
,
								"4" : 								{
									"enabled" : 1,
									"maps" : [ 0, 0.28735632183908 ],
									"gain" : 1
								}
,
								"5" : 								{
									"enabled" : 1,
									"maps" : [ 0, 0 ],
									"gain" : 1
								}
,
								"6" : 								{
									"enabled" : 1,
									"maps" : [ 0, 0.540229885057471 ],
									"gain" : 1
								}
,
								"7" : 								{
									"enabled" : 1,
									"maps" : [ 0, 0 ],
									"gain" : 1
								}
,
								"8" : 								{
									"enabled" : 1,
									"maps" : [ 0, 0 ],
									"gain" : 1
								}
,
								"9" : 								{
									"enabled" : 1,
									"maps" : [ 0.372093023255814, 0 ],
									"gain" : 1
								}

							}
,
							"outputs" : 							{
								"2" : 								{
									"enabled" : 1,
									"maps" : [ 0, 0, 1 ],
									"gain" : 1
								}
,